{"cameraMode":{"drawMode":0,"name":"Shaded","section":"Shading Mode"},"sceneLighting":true,"audioPlay":false,"sceneViewState":{"m_AlwaysRefresh":false,"showFog":true,"showSkybox":true,"showFlares":true,"showImageEffects":true,"showParticleSystems":true,"showVisualEffectGraphs":true,"m_FxEnabled":true},"in2DMode":false,"pivot":{"x":-0.4560132920742035,"y":-0.9486088752746582,"z":-2.8778505325317385},"rotation":{"x":-0.14079108834266663,"y":0.025834830477833749,"z":-0.0036748871207237245,"w":-0.9896891117095947},"size":5.61590576171875,"orthographic":false}