{"cameraMode":{"drawMode":0,"name":"Shaded","section":"Shading Mode"},"sceneLighting":true,"audioPlay":false,"sceneViewState":{"m_AlwaysRefresh":false,"showFog":true,"showSkybox":true,"showFlares":true,"showImageEffects":true,"showParticleSystems":true,"showVisualEffectGraphs":true,"m_FxEnabled":true},"in2DMode":false,"pivot":{"x":-4.432292938232422,"y":-0.8090654015541077,"z":-4.937737941741943},"rotation":{"x":-0.30522477626800539,"y":0.19026778638362885,"z":-0.062380481511354449,"w":-0.9309819340705872},"size":1.2780437469482422,"orthographic":false}